{"cameraMode":{"drawMode":0,"name":"Shaded","section":"Shading Mode"},"sceneLighting":true,"audioPlay":false,"sceneViewState":{"m_AlwaysRefresh":false,"showFog":true,"showSkybox":true,"showFlares":true,"showImageEffects":true,"showParticleSystems":true,"showVisualEffectGraphs":true,"m_FxEnabled":true},"in2DMode":false,"pivot":{"x":-0.5197062492370606,"y":3.935515880584717,"z":-8.555852890014649},"rotation":{"x":0.10349582880735398,"y":-0.012480594217777253,"z":0.0011229930678382516,"w":0.994472086429596},"size":1.2714972496032715,"orthographic":false}