{"cameraMode":{"drawMode":0,"name":"Shaded","section":"Shading Mode"},"sceneLighting":false,"audioPlay":false,"sceneViewState":{"m_AlwaysRefresh":false,"showFog":true,"showSkybox":false,"showFlares":true,"showImageEffects":true,"showParticleSystems":true,"showVisualEffectGraphs":true,"m_FxEnabled":true},"in2DMode":false,"pivot":{"x":0.5824304223060608,"y":5.273041725158691,"z":20.22148323059082},"rotation":{"x":-0.011183343827724457,"y":0.9885691404342651,"z":-0.09549824148416519,"w":-0.11558175832033158},"size":0.8660253882408142,"orthographic":false}